area,Typeoflocation,time,Weather,typeofvehicle,ageofvehicle,natureofaccidents,causeofaccidents,accidentvictimsage,eduofdriver,accordingtoResponsibilitiesofDriver,speed,roadconditions,roadfeature,typeofjunction,typeoftrafficcontrol,OwnerofTypeofVehiclesandTypeofLicence,Gender
Chedda Nagar,open area,3pm-6pm,light rain,2 wheeler,>10,head on collision,defect in road condition,<5years,upto 8th std,on wrong side of the road,50-70,Surfaced Roads,4 Lanes or more with central divider,round about junction,flashing signal/blinker,owner of private vehicle,female
Chedda Nagar,near office complex,9pm-12am,cloudy,3 wheeler,<1,overturning,defect in road condition,15-17years,9-10std,cut in sharply after passing,30-50,Surfaced Roads,4 Lanes or more with central divider,junction with >4 arms,flashing signal/blinker,regular licence,female
Pant Nagar,near a recreation place/cinema,6pm-9pm,cloudy,"car/jeep/taxi,buses(4 wheeler)",1-2year,hit and run,fault of pedestrian,45-54years,above 10th std,failed to give signal,<30,rutted/pot holes,3 Lanes or more without central Divider Median,round about junction,uncontolled,regular licence,female
Pant Nagar,near office complex,6pm-9pm,fine,3 wheeler,4-6year,collision brush/side swip,poor light,45-54years,above 10th std,passed on curve,<30,incline road,3 Lanes or more without central Divider Median,round about junction,traffic light signal,owner of private vehicle,female
Pant Nagar,near bus stop,12pm-3pm,cloudy,other motor vehicles,6-8year,hit and run,neglect of civic bodies,18-20years,not known,did not give right of way to vehicle,<30,rutted/pot holes,two lane,junction with >4 arms,stop sign,without licence,male
Pant Nagar,at pedestrian crossing,12am-3am,heavy rain,"trucks ,tempos,tracto",>10,right turn collision,fault of pedestrian,6-9years,above 10th std,passed on hill,30-50,Wet road,3 Lanes or more without central Divider Median,manned rail crossing,flashing signal/blinker,others,female
Eastern Express Highway,narrow bridge or culverts,6am-9am,light rain,"car/jeep/taxi,buses(4 wheeler)",2-4year,collision brush/side swip,weather condition,25-34years,not known,cut in sharply after passing,30-50,rutted/pot holes,3 Lanes or more without central Divider Median,unmanned rail crossing,uncontolled,paid driver,female
LBS Road,near or inside a village,9am-12pm,cloudy,"car/jeep/taxi,buses(4 wheeler)",2-4year,skiding,neglect of civic bodies,65 and above,above 10th std,passed on curve,<30,Surfaced Roads,3 Lanes or more without central Divider Median,four arm junction,stop sign,learners licence,female
Chedda Nagar,at pedestrian crossing,12am-3am,cloudy,3 wheeler,6-8year,overturning,poor light,10-14years,upto 8th std,passed on hill,<30,muddy/oily/slippery,single lane,junction with >4 arms,stop sign,regular licence,male
Eastern Express Highway,near a recreation place/cinema,3pm-6pm,fine,"trucks ,tempos,tracto",2-4year,hit and run,poor light,18-20years,above 10th std,give improper signal,30-50,speed breaker,single lane,unmanned rail crossing,flashing signal/blinker,owner of public commercial vehicle,male
LBS Road,near bus stop,6pm-9pm,cloudy,"car/jeep/taxi,buses(4 wheeler)",6-8year,collision brush/side swip,fault of pedestrian,65 and above,9-10std,passed on curve,50-70,straight road,single lane,staggered jucntion,police controlled,without licence,male
Chedda Nagar,near school/college,9am-12pm,cloudy,"trucks ,tempos,tracto",<1,right turn collision,fault of driver,21-24years,above 10th std,failed to give signal,30-50,road under construction/repair,single lane,t junction,police controlled,learners licence,male
Eastern Express Highway,open area,6pm-9pm,cloudy,2 wheeler,<1,hit and run,defect in road condition,65 and above,upto 8th std,passed on curve,<30,Kutcha Roads,single lane,manned rail crossing,stop sign,owner of private vehicle,male
Eastern Express Highway,near office complex,6pm-9pm,light rain,"car/jeep/taxi,buses(4 wheeler)",2-4year,right turn collision,weather condition,65 and above,not known,failed to give signal,>70,straight road,two lane,unmanned rail crossing,stop sign,regular licence,male
Chedda Nagar,near school/college,12am-3am,cloudy,3 wheeler,<1,collision brush/side swip,fault of pedestrian,45-54years,above 10th std,give improper signal,<30,muddy/oily/slippery,4 Lanes or more with central divider,junction with >4 arms,stop sign,owner of public commercial vehicle,male
Chedda Nagar,near a religious place,9pm-12am,light rain,3 wheeler,4-6year,hit and run,defect in condition of motor vehicle,45-54years,upto 8th std,cut in sharply after passing,30-50,speed breaker,two lane,t junction,traffic light signal,owner of public commercial vehicle,female
Pant Nagar,at pedestrian crossing,6am-9am,heavy rain,2 wheeler,6-8year,head on collision,fault of pedestrian,55-64years,upto 8th std,failed to give signal,30-50,Surfaced Roads,two lane,four arm junction,stop sign,learners licence,male
Pant Nagar,near bus stop,12pm-3pm,fine,2 wheeler,8-10year,rear end collision,fault of pedestrian,10-14years,above 10th std,did not give right of way to pedestrian,30-50,straight road,two lane,manned rail crossing,stop sign,paid driver,male
Pant Nagar,residential area,3pm-6pm,light rain,other motor vehicles,2-4year,rear end collision,fault of pedestrian,unknown age,upto 8th std,followed too closely,30-50,Kutcha Roads,4 Lanes or more with central divider,junction with >4 arms,uncontolled,owner of public commercial vehicle,female
Pant Nagar,near school/college,6am-9am,fine,"trucks ,tempos,tracto",>10,right turn collision,defect in road condition,65 and above,above 10th std,excceding lawful speed,<30,muddy/oily/slippery,4 Lanes or more with central divider,four arm junction,uncontolled,without licence,male
Chedda Nagar,near petrol pump,6pm-9pm,cloudy,2 wheeler,<1,collision brush/side swip,defect in condition of motor vehicle,21-24years,above 10th std,did not give right of way to pedestrian,<30,speed breaker,3 Lanes or more without central Divider Median,round about junction,uncontolled,paid driver,female
Chedda Nagar,near a recreation place/cinema,9am-12pm,light rain,2 wheeler,<1,head on collision,neglect of civic bodies,45-54years,upto 8th std,other improper passsing,<30,Wet road,3 Lanes or more without central Divider Median,four arm junction,stop sign,paid driver,male
Chedda Nagar,near or inside a village,12pm-3pm,cloudy,other motor vehicles,8-10year,rear end collision,defect in road condition,18-20years,not known,did not give right of way to vehicle,>70,straight road,two lane,t junction,police controlled,owner of private vehicle,female
LBS Road,at pedestrian crossing,12am-3am,cloudy,2 wheeler,>10,rear end collision,poor light,45-54years,upto 8th std,followed too closely,<30,rutted/pot holes,single lane,round about junction,stop sign,learners licence,male
Pant Nagar,near or inside a village,6pm-9pm,fine,2 wheeler,6-8year,head on collision,fault of pedestrian,6-9years,above 10th std,did not give right of way to pedestrian,>70,speed breaker,single lane,manned rail crossing,stop sign,learners licence,female
LBS Road,near a factory or indu. Area,3pm-6pm,fine,"trucks ,tempos,tracto",2-4year,hit and run,defect in road condition,unknown age,above 10th std,passed on curve,30-50,Wet road,single lane,staggered jucntion,uncontolled,paid driver,female
Eastern Express Highway,near office complex,9pm-12am,cloudy,"car/jeep/taxi,buses(4 wheeler)",>10,hit and run,fault of pedestrian,15-17years,above 10th std,on wrong side of the road,>70,Wet road,4 Lanes or more with central divider,staggered jucntion,traffic light signal,owner of public commercial vehicle,male
Pant Nagar,near school/college,12pm-3pm,fine,2 wheeler,4-6year,collision brush/side swip,defect in condition of motor vehicle,25-34years,upto 8th std,followed too closely,50-70,speed breaker,4 Lanes or more with central divider,round about junction,flashing signal/blinker,without licence,male
Eastern Express Highway,near bus stop,3pm-6pm,fine,3 wheeler,8-10year,right turn collision,defect in condition of motor vehicle,10-14years,9-10std,cut in sharply after passing,30-50,speed breaker,single lane,round about junction,flashing signal/blinker,owner of private vehicle,male
Pant Nagar,near a religious place,9pm-12am,light rain,"trucks ,tempos,tracto",6-8year,overturning,weather condition,25-34years,above 10th std,passed on hill,<30,incline road,two lane,four arm junction,uncontolled,paid driver,male
Pant Nagar,near office complex,12pm-3pm,cloudy,"car/jeep/taxi,buses(4 wheeler)",6-8year,head on collision,defect in road condition,45-54years,above 10th std,followed too closely,>70,Kutcha Roads,3 Lanes or more without central Divider Median,manned rail crossing,traffic light signal,without licence,male
Chedda Nagar,near a religious place,9am-12pm,light rain,3 wheeler,2-4year,hit and run,fault of driver,10-14years,upto 8th std,give improper signal,50-70,rutted/pot holes,3 Lanes or more without central Divider Median,unmanned rail crossing,uncontolled,owner of private vehicle,female
Chedda Nagar,near a religious place,9am-12pm,fine,2 wheeler,1-2year,rear end collision,weather condition,55-64years,9-10std,did not give right of way to vehicle,30-50,Kutcha Roads,3 Lanes or more without central Divider Median,unmanned rail crossing,flashing signal/blinker,paid driver,male
LBS Road,near or inside a village,6am-9am,fine,"trucks ,tempos,tracto",<1,skiding,neglect of civic bodies,18-20years,upto 8th std,did not give right of way to pedestrian,30-50,muddy/oily/slippery,two lane,round about junction,stop sign,owner of public commercial vehicle,male
Chedda Nagar,near hospital,3am-6am,heavy rain,other motor vehicles,6-8year,skiding,defect in condition of motor vehicle,21-24years,above 10th std,give improper signal,30-50,Wet road,4 Lanes or more with central divider,round about junction,flashing signal/blinker,paid driver,female
LBS Road,near school/college,12am-3am,light rain,other motor vehicles,>10,skiding,weather condition,65 and above,upto 8th std,excceding lawful speed,30-50,muddy/oily/slippery,4 Lanes or more with central divider,t junction,police controlled,paid driver,female
Chedda Nagar,near office complex,12am-3am,cloudy,"car/jeep/taxi,buses(4 wheeler)",<1,rear end collision,defect in condition of motor vehicle,15-17years,upto 8th std,alcohol intake,30-50,straight road,3 Lanes or more without central Divider Median,manned rail crossing,police controlled,regular licence,female
Chedda Nagar,narrow bridge or culverts,9am-12pm,light rain,2 wheeler,4-6year,head on collision,defect in road condition,unknown age,upto 8th std,passed on hill,30-50,rutted/pot holes,4 Lanes or more with central divider,round about junction,uncontolled,paid driver,female
Pant Nagar,near petrol pump,6pm-9pm,cloudy,other motor vehicles,8-10year,overturning,defect in road condition,55-64years,upto 8th std,passed on curve,50-70,rutted/pot holes,two lane,junction with >4 arms,traffic light signal,others,male
LBS Road,near hospital,3am-6am,cloudy,"trucks ,tempos,tracto",4-6year,right turn collision,fault of pedestrian,<5years,above 10th std,passed on curve,<30,muddy/oily/slippery,4 Lanes or more with central divider,junction with >4 arms,police controlled,paid driver,male
Pant Nagar,near bus stop,12am-3am,heavy rain,"trucks ,tempos,tracto",8-10year,hit and run,neglect of civic bodies,35-44years,9-10std,passed on hill,<30,road under construction/repair,3 Lanes or more without central Divider Median,four arm junction,stop sign,without licence,male
LBS Road,in bazar,9pm-12am,fine,"trucks ,tempos,tracto",6-8year,overturning,weather condition,21-24years,9-10std,did not give right of way to vehicle,>70,incline road,single lane,junction with >4 arms,police controlled,learners licence,male
Eastern Express Highway,near a factory or indu. Area,12am-3am,fine,"car/jeep/taxi,buses(4 wheeler)",2-4year,collision brush/side swip,defect in condition of motor vehicle,<5years,upto 8th std,alcohol intake,>70,Surfaced Roads,two lane,v junction,traffic light signal,owner of public commercial vehicle,female
Chedda Nagar,at pedestrian crossing,12am-3am,heavy rain,"car/jeep/taxi,buses(4 wheeler)",4-6year,right turn collision,weather condition,55-64years,upto 8th std,cut in sharply after passing,30-50,incline road,4 Lanes or more with central divider,v junction,police controlled,regular licence,female
Eastern Express Highway,near a recreation place/cinema,12am-3am,heavy rain,other motor vehicles,2-4year,collision brush/side swip,fault of driver,18-20years,9-10std,other improper passsing,<30,Wet road,4 Lanes or more with central divider,junction with >4 arms,flashing signal/blinker,others,female
LBS Road,near school/college,6am-9am,fine,"trucks ,tempos,tracto",1-2year,right turn collision,poor light,45-54years,not known,on wrong side of the road,<30,speed breaker,4 Lanes or more with central divider,manned rail crossing,flashing signal/blinker,paid driver,male
Eastern Express Highway,near school/college,12pm-3pm,fine,3 wheeler,1-2year,hit and run,weather condition,6-9years,not known,other improper passsing,<30,Kutcha Roads,4 Lanes or more with central divider,four arm junction,traffic light signal,without licence,male
LBS Road,at pedestrian crossing,6pm-9pm,cloudy,"car/jeep/taxi,buses(4 wheeler)",8-10year,rear end collision,poor light,35-44years,above 10th std,cut in sharply after passing,30-50,Wet road,3 Lanes or more without central Divider Median,v junction,uncontolled,paid driver,male
Pant Nagar,in bazar,12pm-3pm,heavy rain,"car/jeep/taxi,buses(4 wheeler)",1-2year,skiding,fault of pedestrian,55-64years,above 10th std,excceding lawful speed,30-50,Surfaced Roads,single lane,round about junction,traffic light signal,regular licence,male
LBS Road,narrow bridge or culverts,12am-3am,light rain,other motor vehicles,<1,hit and run,fault of pedestrian,6-9years,upto 8th std,followed too closely,<30,speed breaker,3 Lanes or more without central Divider Median,unmanned rail crossing,stop sign,owner of public commercial vehicle,female
Chedda Nagar,near bus stop,9pm-12am,light rain,3 wheeler,>10,rear end collision,fault of pedestrian,unknown age,not known,passed on hill,<30,incline road,4 Lanes or more with central divider,staggered jucntion,flashing signal/blinker,without licence,female
Chedda Nagar,near hospital,12pm-3pm,light rain,other motor vehicles,8-10year,overturning,fault of pedestrian,6-9years,upto 8th std,alcohol intake,50-70,muddy/oily/slippery,single lane,staggered jucntion,stop sign,paid driver,female
LBS Road,near bus stop,9pm-12am,cloudy,"trucks ,tempos,tracto",4-6year,head on collision,defect in road condition,18-20years,not known,other improper passsing,<30,rutted/pot holes,single lane,unmanned rail crossing,police controlled,owner of public commercial vehicle,male
Eastern Express Highway,open area,9am-12pm,light rain,other motor vehicles,<1,rear end collision,defect in condition of motor vehicle,25-34years,9-10std,cut in sharply after passing,>70,speed breaker,single lane,four arm junction,flashing signal/blinker,paid driver,male
LBS Road,in bazar,9am-12pm,heavy rain,"car/jeep/taxi,buses(4 wheeler)",6-8year,head on collision,defect in road condition,25-34years,9-10std,passed on hill,50-70,muddy/oily/slippery,two lane,staggered jucntion,traffic light signal,learners licence,male
Eastern Express Highway,in bazar,9am-12pm,light rain,"trucks ,tempos,tracto",4-6year,right turn collision,weather condition,18-20years,above 10th std,passed on curve,50-70,speed breaker,4 Lanes or more with central divider,v junction,traffic light signal,paid driver,female
Pant Nagar,at pedestrian crossing,12am-3am,fine,2 wheeler,4-6year,right turn collision,defect in condition of motor vehicle,6-9years,9-10std,did not give right of way to pedestrian,>70,incline road,two lane,manned rail crossing,flashing signal/blinker,paid driver,female
LBS Road,at pedestrian crossing,6am-9am,cloudy,other motor vehicles,6-8year,skiding,fault of pedestrian,35-44years,not known,failed to give signal,50-70,muddy/oily/slippery,two lane,t junction,uncontolled,learners licence,male
Pant Nagar,near a recreation place/cinema,12pm-3pm,fine,"trucks ,tempos,tracto",<1,head on collision,fault of driver,65 and above,above 10th std,cut in sharply after passing,50-70,straight road,4 Lanes or more with central divider,unmanned rail crossing,police controlled,without licence,male
LBS Road,near school/college,3pm-6pm,fine,other motor vehicles,4-6year,right turn collision,defect in condition of motor vehicle,6-9years,9-10std,did not give right of way to vehicle,<30,speed breaker,single lane,v junction,uncontolled,owner of public commercial vehicle,female
LBS Road,residential area,3am-6am,light rain,other motor vehicles,4-6year,overturning,weather condition,unknown age,upto 8th std,other improper passsing,50-70,rutted/pot holes,two lane,v junction,uncontolled,owner of private vehicle,male
Pant Nagar,near school/college,6pm-9pm,heavy rain,2 wheeler,<1,right turn collision,weather condition,25-34years,not known,failed to give signal,50-70,rutted/pot holes,single lane,junction with >4 arms,uncontolled,paid driver,female
Pant Nagar,at pedestrian crossing,9am-12pm,cloudy,"car/jeep/taxi,buses(4 wheeler)",2-4year,rear end collision,poor light,65 and above,not known,followed too closely,30-50,rutted/pot holes,4 Lanes or more with central divider,staggered jucntion,traffic light signal,others,female
Chedda Nagar,near a factory or indu. Area,9am-12pm,fine,"trucks ,tempos,tracto",<1,right turn collision,defect in condition of motor vehicle,45-54years,not known,alcohol intake,30-50,road under construction/repair,4 Lanes or more with central divider,round about junction,uncontolled,owner of private vehicle,male
LBS Road,near a factory or indu. Area,6am-9am,heavy rain,other motor vehicles,4-6year,overturning,defect in road condition,10-14years,9-10std,followed too closely,>70,rutted/pot holes,two lane,v junction,police controlled,regular licence,male
Chedda Nagar,narrow bridge or culverts,12am-3am,heavy rain,2 wheeler,8-10year,skiding,fault of pedestrian,18-20years,upto 8th std,did not give right of way to vehicle,>70,speed breaker,4 Lanes or more with central divider,manned rail crossing,police controlled,without licence,male
Chedda Nagar,near or inside a village,12am-3am,heavy rain,"car/jeep/taxi,buses(4 wheeler)",4-6year,overturning,neglect of civic bodies,6-9years,above 10th std,failed to give signal,<30,Kutcha Roads,two lane,four arm junction,police controlled,without licence,female
Eastern Express Highway,near petrol pump,9am-12pm,cloudy,2 wheeler,1-2year,head on collision,fault of pedestrian,25-34years,9-10std,give improper signal,50-70,road under construction/repair,single lane,round about junction,stop sign,owner of private vehicle,male
Eastern Express Highway,in bazar,9pm-12am,light rain,"car/jeep/taxi,buses(4 wheeler)",2-4year,head on collision,fault of driver,25-34years,9-10std,did not give right of way to vehicle,<30,Surfaced Roads,4 Lanes or more with central divider,t junction,stop sign,paid driver,female
Chedda Nagar,narrow bridge or culverts,6am-9am,cloudy,"trucks ,tempos,tracto",4-6year,rear end collision,weather condition,55-64years,9-10std,other improper passsing,<30,straight road,4 Lanes or more with central divider,junction with >4 arms,police controlled,regular licence,male
Eastern Express Highway,near a factory or indu. Area,3am-6am,cloudy,other motor vehicles,1-2year,head on collision,fault of driver,25-34years,above 10th std,did not give right of way to vehicle,50-70,straight road,single lane,round about junction,flashing signal/blinker,paid driver,female
Eastern Express Highway,at pedestrian crossing,6pm-9pm,heavy rain,other motor vehicles,1-2year,head on collision,weather condition,unknown age,upto 8th std,give improper signal,50-70,incline road,single lane,four arm junction,stop sign,paid driver,male
Pant Nagar,in bazar,9am-12pm,fine,3 wheeler,4-6year,hit and run,poor light,unknown age,above 10th std,other improper passsing,>70,Kutcha Roads,4 Lanes or more with central divider,t junction,traffic light signal,owner of private vehicle,male
Eastern Express Highway,residential area,3am-6am,fine,3 wheeler,4-6year,head on collision,defect in road condition,25-34years,not known,followed too closely,>70,road under construction/repair,single lane,manned rail crossing,traffic light signal,paid driver,male
Pant Nagar,residential area,6pm-9pm,fine,2 wheeler,1-2year,head on collision,fault of driver,25-34years,9-10std,other improper passsing,50-70,muddy/oily/slippery,two lane,staggered jucntion,stop sign,without licence,male
Chedda Nagar,open area,6am-9am,cloudy,"trucks ,tempos,tracto",<1,collision brush/side swip,fault of driver,55-64years,upto 8th std,failed to give signal,>70,rutted/pot holes,3 Lanes or more without central Divider Median,staggered jucntion,flashing signal/blinker,others,male
Eastern Express Highway,near a factory or indu. Area,9pm-12am,light rain,"trucks ,tempos,tracto",>10,right turn collision,defect in condition of motor vehicle,15-17years,upto 8th std,failed to give signal,50-70,speed breaker,two lane,manned rail crossing,uncontolled,others,male
LBS Road,near petrol pump,3am-6am,fine,"car/jeep/taxi,buses(4 wheeler)",8-10year,overturning,fault of pedestrian,25-34years,upto 8th std,cut in sharply after passing,<30,Surfaced Roads,3 Lanes or more without central Divider Median,t junction,stop sign,others,female
Eastern Express Highway,near hospital,9pm-12am,fine,"trucks ,tempos,tracto",2-4year,hit and run,defect in condition of motor vehicle,6-9years,not known,alcohol intake,>70,incline road,single lane,t junction,police controlled,owner of public commercial vehicle,female
LBS Road,in bazar,3pm-6pm,cloudy,other motor vehicles,8-10year,skiding,fault of pedestrian,35-44years,upto 8th std,give improper signal,50-70,Wet road,single lane,four arm junction,uncontolled,without licence,female
Pant Nagar,near hospital,9am-12pm,cloudy,2 wheeler,<1,right turn collision,weather condition,65 and above,upto 8th std,alcohol intake,50-70,Surfaced Roads,4 Lanes or more with central divider,round about junction,police controlled,owner of public commercial vehicle,male
LBS Road,near office complex,12pm-3pm,heavy rain,other motor vehicles,1-2year,head on collision,defect in road condition,15-17years,above 10th std,on wrong side of the road,<30,incline road,single lane,t junction,police controlled,regular licence,female
Eastern Express Highway,near hospital,12am-3am,cloudy,3 wheeler,6-8year,right turn collision,fault of pedestrian,15-17years,above 10th std,followed too closely,30-50,rutted/pot holes,3 Lanes or more without central Divider Median,t junction,stop sign,owner of public commercial vehicle,female
Pant Nagar,near a religious place,6pm-9pm,light rain,other motor vehicles,6-8year,overturning,poor light,21-24years,9-10std,give improper signal,>70,Wet road,single lane,unmanned rail crossing,flashing signal/blinker,regular licence,male
Chedda Nagar,at pedestrian crossing,6am-9am,heavy rain,"car/jeep/taxi,buses(4 wheeler)",1-2year,head on collision,weather condition,25-34years,above 10th std,followed too closely,<30,incline road,3 Lanes or more without central Divider Median,staggered jucntion,flashing signal/blinker,others,female
Pant Nagar,near petrol pump,9am-12pm,cloudy,"trucks ,tempos,tracto",2-4year,rear end collision,neglect of civic bodies,55-64years,9-10std,give improper signal,50-70,Kutcha Roads,3 Lanes or more without central Divider Median,manned rail crossing,stop sign,paid driver,male
LBS Road,in bazar,3pm-6pm,fine,2 wheeler,>10,rear end collision,weather condition,<5years,upto 8th std,passed on curve,<30,Surfaced Roads,single lane,v junction,police controlled,owner of private vehicle,male
Chedda Nagar,near school/college,12am-3am,heavy rain,"trucks ,tempos,tracto",2-4year,right turn collision,poor light,65 and above,above 10th std,cut in sharply after passing,30-50,speed breaker,single lane,unmanned rail crossing,police controlled,owner of private vehicle,male
LBS Road,in bazar,3pm-6pm,fine,"trucks ,tempos,tracto",1-2year,hit and run,weather condition,unknown age,upto 8th std,failed to give signal,<30,muddy/oily/slippery,single lane,round about junction,police controlled,owner of public commercial vehicle,female
Chedda Nagar,at pedestrian crossing,12pm-3pm,light rain,"trucks ,tempos,tracto",<1,skiding,fault of pedestrian,45-54years,upto 8th std,cut in sharply after passing,>70,rutted/pot holes,3 Lanes or more without central Divider Median,four arm junction,uncontolled,paid driver,female
LBS Road,near hospital,12pm-3pm,heavy rain,other motor vehicles,<1,collision brush/side swip,defect in road condition,65 and above,above 10th std,failed to give signal,<30,muddy/oily/slippery,3 Lanes or more without central Divider Median,unmanned rail crossing,police controlled,others,male
Pant Nagar,in bazar,6am-9am,fine,other motor vehicles,1-2year,overturning,fault of pedestrian,25-34years,above 10th std,alcohol intake,50-70,rutted/pot holes,3 Lanes or more without central Divider Median,manned rail crossing,police controlled,others,male
Pant Nagar,residential area,9pm-12am,fine,"car/jeep/taxi,buses(4 wheeler)",8-10year,head on collision,fault of pedestrian,45-54years,upto 8th std,other improper passsing,>70,Wet road,4 Lanes or more with central divider,v junction,flashing signal/blinker,owner of public commercial vehicle,female
LBS Road,near a recreation place/cinema,6pm-9pm,cloudy,"car/jeep/taxi,buses(4 wheeler)",>10,collision brush/side swip,defect in condition of motor vehicle,21-24years,not known,alcohol intake,<30,incline road,3 Lanes or more without central Divider Median,manned rail crossing,police controlled,owner of private vehicle,male
Chedda Nagar,near bus stop,6pm-9pm,fine,2 wheeler,2-4year,rear end collision,poor light,65 and above,not known,failed to give signal,>70,road under construction/repair,two lane,unmanned rail crossing,traffic light signal,owner of public commercial vehicle,male
LBS Road,near hospital,12am-3am,heavy rain,3 wheeler,8-10year,hit and run,neglect of civic bodies,21-24years,upto 8th std,alcohol intake,<30,incline road,4 Lanes or more with central divider,staggered jucntion,traffic light signal,owner of private vehicle,male
LBS Road,near a factory or indu. Area,3am-6am,heavy rain,2 wheeler,8-10year,collision brush/side swip,neglect of civic bodies,55-64years,above 10th std,on wrong side of the road,30-50,road under construction/repair,3 Lanes or more without central Divider Median,staggered jucntion,police controlled,paid driver,male
LBS Road,in bazar,12am-3am,light rain,"trucks ,tempos,tracto",2-4year,hit and run,poor light,55-64years,9-10std,followed too closely,50-70,rutted/pot holes,two lane,t junction,stop sign,regular licence,male
LBS Road,residential area,3pm-6pm,fine,3 wheeler,1-2year,rear end collision,poor light,unknown age,not known,passed on curve,<30,rutted/pot holes,single lane,round about junction,stop sign,regular licence,female
Eastern Express Highway,near bus stop,12am-3am,heavy rain,"trucks ,tempos,tracto",<1,overturning,poor light,21-24years,upto 8th std,passed on hill,30-50,Kutcha Roads,two lane,round about junction,uncontolled,owner of private vehicle,female