area,Typeoflocation,time,Weather,typeofvehicle,ageofvehicle,natureofaccidents,causeofaccidents,accidentvictimsage,eduofdriver,accordingtoResponsibilitiesofDriver,speed,roadconditions,roadfeature,typeofjunction,typeoftrafficcontrol,OwnerofTypeofVehiclesandTypeofLicence,Gender
Kajupada,near petrol pump,6pm-9pm,light rain,other motor vehicles,6-8year,overturning,weather condition,15-17years,above 10th std,followed too closely,30-50,road under construction/repair,single lane,unmanned rail crossing,police controlled,owner of public commercial vehicle,male
Chirag Nagar,near a factory or indu. Area,9pm-12am,fine,"trucks ,tempos,tracto",4-6year,skiding,neglect of civic bodies,35-44years,above 10th std,give improper signal,50-70,speed breaker,two lane,junction with >4 arms,traffic light signal,regular licence,male
Ghatkopar Bus Depot,near or inside a village,6pm-9pm,cloudy,"car/jeep/taxi,buses(4 wheeler)",6-8year,head on collision,defect in road condition,45-54years,9-10std,give improper signal,30-50,Wet road,3 Lanes or more without central Divider Median,junction with >4 arms,police controlled,owner of public commercial vehicle,male
Chirag Nagar,near a factory or indu. Area,12am-3am,cloudy,3 wheeler,1-2year,right turn collision,defect in road condition,25-34years,not known,alcohol intake,30-50,incline road,3 Lanes or more without central Divider Median,round about junction,police controlled,without licence,female
Sindhu Wadi,near office complex,6am-9am,light rain,other motor vehicles,4-6year,overturning,fault of pedestrian,25-34years,9-10std,followed too closely,>70,speed breaker,4 Lanes or more with central divider,t junction,traffic light signal,learners licence,male
Ghatkopar Bus Depot,open area,6am-9am,cloudy,3 wheeler,8-10year,rear end collision,defect in condition of motor vehicle,45-54years,upto 8th std,failed to give signal,>70,road under construction/repair,two lane,manned rail crossing,stop sign,others,male
Chirag Nagar,in bazar,3pm-6pm,heavy rain,"trucks ,tempos,tracto",1-2year,head on collision,neglect of civic bodies,6-9years,above 10th std,failed to give signal,>70,Wet road,two lane,manned rail crossing,stop sign,without licence,female
Sindhu Wadi,near hospital,9pm-12am,heavy rain,other motor vehicles,4-6year,skiding,weather condition,18-20years,not known,cut in sharply after passing,50-70,Surfaced Roads,3 Lanes or more without central Divider Median,unmanned rail crossing,uncontolled,learners licence,female
Sindhu Wadi,at pedestrian crossing,3am-6am,light rain,other motor vehicles,6-8year,overturning,fault of driver,10-14years,above 10th std,did not give right of way to pedestrian,30-50,incline road,single lane,round about junction,flashing signal/blinker,others,female
Chirag Nagar,residential area,6pm-9pm,fine,3 wheeler,>10,head on collision,weather condition,10-14years,upto 8th std,cut in sharply after passing,>70,incline road,4 Lanes or more with central divider,t junction,stop sign,learners licence,female
Chirag Nagar,near bus stop,9pm-12am,heavy rain,"trucks ,tempos,tracto",<1,overturning,weather condition,65 and above,upto 8th std,give improper signal,30-50,Kutcha Roads,two lane,four arm junction,police controlled,others,female
Jagdusha Nagar,near bus stop,3am-6am,heavy rain,other motor vehicles,<1,right turn collision,fault of pedestrian,35-44years,9-10std,alcohol intake,30-50,Wet road,4 Lanes or more with central divider,staggered jucntion,stop sign,owner of public commercial vehicle,male
Sindhu Wadi,residential area,12pm-3pm,heavy rain,3 wheeler,6-8year,collision brush/side swip,neglect of civic bodies,6-9years,9-10std,did not give right of way to vehicle,<30,speed breaker,3 Lanes or more without central Divider Median,manned rail crossing,flashing signal/blinker,without licence,female
Sindhu Wadi,near bus stop,12am-3am,light rain,"trucks ,tempos,tracto",4-6year,head on collision,defect in road condition,unknown age,9-10std,followed too closely,30-50,straight road,3 Lanes or more without central Divider Median,manned rail crossing,uncontolled,owner of private vehicle,male
Sindhu Wadi,near hospital,3am-6am,fine,"car/jeep/taxi,buses(4 wheeler)",4-6year,head on collision,poor light,45-54years,not known,did not give right of way to pedestrian,30-50,incline road,4 Lanes or more with central divider,four arm junction,traffic light signal,owner of private vehicle,female
Jagdusha Nagar,near a factory or indu. Area,12am-3am,heavy rain,other motor vehicles,8-10year,overturning,fault of pedestrian,55-64years,above 10th std,did not give right of way to vehicle,>70,Kutcha Roads,4 Lanes or more with central divider,manned rail crossing,police controlled,regular licence,female
Sindhu Wadi,at pedestrian crossing,6pm-9pm,fine,3 wheeler,8-10year,overturning,poor light,25-34years,above 10th std,did not give right of way to pedestrian,>70,rutted/pot holes,3 Lanes or more without central Divider Median,unmanned rail crossing,police controlled,owner of private vehicle,male
Chirag Nagar,at pedestrian crossing,9pm-12am,cloudy,"car/jeep/taxi,buses(4 wheeler)",1-2year,head on collision,defect in road condition,25-34years,upto 8th std,failed to give signal,30-50,Wet road,4 Lanes or more with central divider,staggered jucntion,police controlled,owner of public commercial vehicle,male
Sindhu Wadi,near bus stop,6pm-9pm,cloudy,2 wheeler,2-4year,collision brush/side swip,defect in condition of motor vehicle,55-64years,not known,give improper signal,<30,rutted/pot holes,4 Lanes or more with central divider,v junction,stop sign,regular licence,male
Ghatkopar Bus Depot,in bazar,6am-9am,cloudy,other motor vehicles,2-4year,hit and run,fault of pedestrian,15-17years,not known,followed too closely,30-50,rutted/pot holes,two lane,v junction,stop sign,others,female
Chirag Nagar,narrow bridge or culverts,9pm-12am,fine,other motor vehicles,>10,skiding,defect in condition of motor vehicle,6-9years,above 10th std,passed on curve,50-70,straight road,4 Lanes or more with central divider,v junction,uncontolled,regular licence,male
Jagdusha Nagar,near school/college,6am-9am,light rain,2 wheeler,1-2year,head on collision,fault of driver,45-54years,9-10std,followed too closely,>70,speed breaker,single lane,round about junction,police controlled,others,male
Ghatkopar Bus Depot,near a recreation place/cinema,9pm-12am,fine,"car/jeep/taxi,buses(4 wheeler)",4-6year,collision brush/side swip,neglect of civic bodies,10-14years,above 10th std,excceding lawful speed,30-50,Surfaced Roads,4 Lanes or more with central divider,junction with >4 arms,uncontolled,paid driver,male
Chirag Nagar,near a religious place,3am-6am,light rain,"car/jeep/taxi,buses(4 wheeler)",8-10year,hit and run,defect in road condition,18-20years,not known,did not give right of way to vehicle,<30,incline road,single lane,t junction,uncontolled,learners licence,female
Ghatkopar Bus Depot,near a factory or indu. Area,9pm-12am,heavy rain,"car/jeep/taxi,buses(4 wheeler)",4-6year,rear end collision,defect in condition of motor vehicle,10-14years,above 10th std,alcohol intake,30-50,rutted/pot holes,single lane,staggered jucntion,stop sign,without licence,male
Jagdusha Nagar,near a recreation place/cinema,3am-6am,light rain,other motor vehicles,4-6year,hit and run,fault of pedestrian,unknown age,above 10th std,excceding lawful speed,>70,Wet road,two lane,unmanned rail crossing,stop sign,owner of private vehicle,male
Chirag Nagar,near bus stop,12pm-3pm,fine,"trucks ,tempos,tracto",4-6year,hit and run,defect in road condition,15-17years,upto 8th std,give improper signal,<30,Wet road,two lane,t junction,police controlled,without licence,female
Sindhu Wadi,near a religious place,12pm-3pm,light rain,other motor vehicles,6-8year,hit and run,defect in road condition,<5years,9-10std,failed to give signal,30-50,speed breaker,single lane,junction with >4 arms,uncontolled,paid driver,female
Chirag Nagar,near a religious place,6pm-9pm,heavy rain,"car/jeep/taxi,buses(4 wheeler)",6-8year,head on collision,neglect of civic bodies,15-17years,9-10std,on wrong side of the road,>70,rutted/pot holes,two lane,junction with >4 arms,stop sign,without licence,male
Jagdusha Nagar,residential area,12pm-3pm,fine,2 wheeler,6-8year,hit and run,neglect of civic bodies,21-24years,above 10th std,passed on hill,30-50,incline road,4 Lanes or more with central divider,staggered jucntion,uncontolled,without licence,male
Jagdusha Nagar,near office complex,12am-3am,cloudy,3 wheeler,2-4year,rear end collision,defect in condition of motor vehicle,6-9years,not known,did not give right of way to pedestrian,50-70,rutted/pot holes,single lane,junction with >4 arms,uncontolled,owner of private vehicle,female
Jagdusha Nagar,near bus stop,12pm-3pm,fine,other motor vehicles,2-4year,head on collision,poor light,55-64years,upto 8th std,other improper passsing,>70,Wet road,two lane,manned rail crossing,police controlled,paid driver,male
Ghatkopar Bus Depot,near a religious place,12pm-3pm,fine,"trucks ,tempos,tracto",6-8year,overturning,fault of pedestrian,unknown age,above 10th std,alcohol intake,30-50,muddy/oily/slippery,two lane,staggered jucntion,uncontolled,learners licence,male
Chirag Nagar,residential area,12am-3am,fine,3 wheeler,<1,skiding,poor light,65 and above,not known,give improper signal,<30,speed breaker,4 Lanes or more with central divider,v junction,stop sign,regular licence,female
Chirag Nagar,open area,9am-12pm,heavy rain,"car/jeep/taxi,buses(4 wheeler)",4-6year,collision brush/side swip,poor light,21-24years,above 10th std,excceding lawful speed,>70,muddy/oily/slippery,3 Lanes or more without central Divider Median,four arm junction,traffic light signal,others,male
Jagdusha Nagar,near a factory or indu. Area,12am-3am,fine,2 wheeler,8-10year,hit and run,fault of driver,6-9years,not known,other improper passsing,50-70,road under construction/repair,two lane,manned rail crossing,police controlled,owner of public commercial vehicle,male
Chirag Nagar,in bazar,12am-3am,cloudy,3 wheeler,6-8year,rear end collision,fault of driver,10-14years,upto 8th std,did not give right of way to vehicle,>70,Wet road,single lane,round about junction,traffic light signal,owner of public commercial vehicle,male
Ghatkopar Bus Depot,near a religious place,3am-6am,heavy rain,2 wheeler,2-4year,overturning,neglect of civic bodies,55-64years,9-10std,on wrong side of the road,50-70,muddy/oily/slippery,single lane,round about junction,police controlled,paid driver,male
Chirag Nagar,open area,6pm-9pm,fine,"trucks ,tempos,tracto",4-6year,skiding,poor light,25-34years,not known,did not give right of way to pedestrian,<30,Kutcha Roads,single lane,v junction,flashing signal/blinker,learners licence,male
Ghatkopar Bus Depot,near school/college,3am-6am,fine,"car/jeep/taxi,buses(4 wheeler)",8-10year,right turn collision,fault of driver,unknown age,not known,other improper passsing,<30,road under construction/repair,3 Lanes or more without central Divider Median,manned rail crossing,traffic light signal,owner of private vehicle,female
Jagdusha Nagar,near petrol pump,3am-6am,light rain,other motor vehicles,4-6year,hit and run,neglect of civic bodies,unknown age,upto 8th std,passed on hill,50-70,road under construction/repair,two lane,t junction,traffic light signal,without licence,male
Jagdusha Nagar,near a recreation place/cinema,9am-12pm,cloudy,"trucks ,tempos,tracto",>10,skiding,defect in road condition,21-24years,not known,did not give right of way to pedestrian,30-50,muddy/oily/slippery,single lane,round about junction,flashing signal/blinker,regular licence,female
Chirag Nagar,in bazar,3am-6am,light rain,3 wheeler,<1,right turn collision,fault of pedestrian,21-24years,upto 8th std,excceding lawful speed,<30,Kutcha Roads,3 Lanes or more without central Divider Median,staggered jucntion,stop sign,owner of public commercial vehicle,male
Ghatkopar Bus Depot,open area,6pm-9pm,cloudy,other motor vehicles,2-4year,head on collision,poor light,35-44years,9-10std,alcohol intake,>70,rutted/pot holes,4 Lanes or more with central divider,four arm junction,flashing signal/blinker,paid driver,female
Chirag Nagar,open area,12pm-3pm,heavy rain,other motor vehicles,6-8year,skiding,defect in road condition,15-17years,upto 8th std,failed to give signal,<30,Wet road,4 Lanes or more with central divider,round about junction,flashing signal/blinker,others,female
Jagdusha Nagar,at pedestrian crossing,3pm-6pm,fine,"trucks ,tempos,tracto",4-6year,hit and run,weather condition,18-20years,above 10th std,on wrong side of the road,50-70,straight road,two lane,four arm junction,police controlled,without licence,male
Chirag Nagar,near a factory or indu. Area,12am-3am,fine,other motor vehicles,>10,head on collision,poor light,6-9years,9-10std,failed to give signal,30-50,muddy/oily/slippery,3 Lanes or more without central Divider Median,staggered jucntion,uncontolled,paid driver,male
Sindhu Wadi,in bazar,9am-12pm,light rain,"trucks ,tempos,tracto",>10,head on collision,neglect of civic bodies,65 and above,not known,cut in sharply after passing,>70,incline road,single lane,junction with >4 arms,uncontolled,without licence,female
Ghatkopar Bus Depot,near a factory or indu. Area,6pm-9pm,heavy rain,other motor vehicles,4-6year,skiding,fault of pedestrian,10-14years,above 10th std,other improper passsing,30-50,speed breaker,4 Lanes or more with central divider,manned rail crossing,police controlled,owner of private vehicle,female
Ghatkopar Bus Depot,near petrol pump,12am-3am,fine,"trucks ,tempos,tracto",1-2year,overturning,weather condition,18-20years,9-10std,cut in sharply after passing,<30,incline road,4 Lanes or more with central divider,staggered jucntion,traffic light signal,others,male
Jagdusha Nagar,at pedestrian crossing,3am-6am,cloudy,"car/jeep/taxi,buses(4 wheeler)",>10,right turn collision,neglect of civic bodies,65 and above,not known,passed on curve,30-50,muddy/oily/slippery,two lane,t junction,uncontolled,learners licence,male
Sindhu Wadi,near a religious place,3am-6am,light rain,2 wheeler,6-8year,right turn collision,poor light,10-14years,not known,followed too closely,>70,speed breaker,4 Lanes or more with central divider,round about junction,traffic light signal,owner of public commercial vehicle,male
Ghatkopar Bus Depot,narrow bridge or culverts,12am-3am,cloudy,"trucks ,tempos,tracto",2-4year,skiding,fault of pedestrian,6-9years,upto 8th std,cut in sharply after passing,>70,speed breaker,two lane,v junction,traffic light signal,regular licence,female
Sindhu Wadi,narrow bridge or culverts,9am-12pm,fine,2 wheeler,6-8year,hit and run,poor light,10-14years,9-10std,alcohol intake,<30,road under construction/repair,single lane,unmanned rail crossing,police controlled,others,female
Ghatkopar Bus Depot,near a religious place,6pm-9pm,light rain,"car/jeep/taxi,buses(4 wheeler)",6-8year,skiding,fault of driver,unknown age,not known,alcohol intake,30-50,rutted/pot holes,4 Lanes or more with central divider,round about junction,flashing signal/blinker,regular licence,female
Chirag Nagar,residential area,12pm-3pm,heavy rain,2 wheeler,<1,skiding,fault of pedestrian,25-34years,not known,did not give right of way to pedestrian,>70,rutted/pot holes,3 Lanes or more without central Divider Median,round about junction,stop sign,without licence,female
Sindhu Wadi,open area,9am-12pm,cloudy,3 wheeler,8-10year,skiding,weather condition,45-54years,upto 8th std,did not give right of way to vehicle,<30,road under construction/repair,single lane,junction with >4 arms,traffic light signal,owner of public commercial vehicle,female
Sindhu Wadi,near petrol pump,12pm-3pm,cloudy,3 wheeler,2-4year,collision brush/side swip,defect in condition of motor vehicle,15-17years,not known,cut in sharply after passing,30-50,straight road,two lane,round about junction,police controlled,learners licence,female
Sindhu Wadi,in bazar,12am-3am,light rain,"car/jeep/taxi,buses(4 wheeler)",8-10year,rear end collision,poor light,35-44years,above 10th std,did not give right of way to pedestrian,>70,Kutcha Roads,4 Lanes or more with central divider,unmanned rail crossing,police controlled,without licence,male
Jagdusha Nagar,open area,12am-3am,fine,3 wheeler,<1,rear end collision,neglect of civic bodies,unknown age,not known,other improper passsing,50-70,Wet road,4 Lanes or more with central divider,t junction,flashing signal/blinker,others,female
Ghatkopar Bus Depot,open area,12pm-3pm,cloudy,other motor vehicles,1-2year,hit and run,defect in road condition,21-24years,not known,followed too closely,<30,road under construction/repair,single lane,manned rail crossing,traffic light signal,learners licence,male
Jagdusha Nagar,near a factory or indu. Area,9am-12pm,light rain,3 wheeler,1-2year,head on collision,weather condition,10-14years,upto 8th std,cut in sharply after passing,30-50,road under construction/repair,3 Lanes or more without central Divider Median,round about junction,stop sign,without licence,female
Chirag Nagar,near hospital,6am-9am,light rain,3 wheeler,4-6year,right turn collision,defect in condition of motor vehicle,45-54years,upto 8th std,failed to give signal,50-70,road under construction/repair,two lane,unmanned rail crossing,police controlled,paid driver,female
Ghatkopar Bus Depot,at pedestrian crossing,9am-12pm,light rain,3 wheeler,2-4year,collision brush/side swip,defect in condition of motor vehicle,<5years,9-10std,passed on hill,<30,muddy/oily/slippery,single lane,t junction,stop sign,paid driver,female
Jagdusha Nagar,near or inside a village,9pm-12am,cloudy,"car/jeep/taxi,buses(4 wheeler)",8-10year,right turn collision,defect in road condition,55-64years,upto 8th std,excceding lawful speed,<30,muddy/oily/slippery,single lane,junction with >4 arms,police controlled,owner of public commercial vehicle,male
Jagdusha Nagar,near bus stop,3pm-6pm,fine,other motor vehicles,<1,skiding,fault of driver,21-24years,above 10th std,other improper passsing,>70,speed breaker,3 Lanes or more without central Divider Median,v junction,police controlled,others,male
Sindhu Wadi,near a factory or indu. Area,3pm-6pm,fine,other motor vehicles,2-4year,hit and run,defect in condition of motor vehicle,<5years,not known,did not give right of way to pedestrian,>70,Kutcha Roads,single lane,t junction,uncontolled,owner of public commercial vehicle,female
Sindhu Wadi,open area,6pm-9pm,heavy rain,3 wheeler,8-10year,skiding,neglect of civic bodies,6-9years,upto 8th std,did not give right of way to vehicle,50-70,straight road,two lane,junction with >4 arms,police controlled,owner of private vehicle,female
Chirag Nagar,near a recreation place/cinema,9pm-12am,light rain,2 wheeler,2-4year,collision brush/side swip,fault of driver,15-17years,not known,passed on curve,30-50,Wet road,3 Lanes or more without central Divider Median,unmanned rail crossing,police controlled,paid driver,male
Jagdusha Nagar,in bazar,3pm-6pm,light rain,other motor vehicles,2-4year,rear end collision,poor light,18-20years,9-10std,excceding lawful speed,>70,speed breaker,single lane,manned rail crossing,stop sign,owner of private vehicle,male
Chirag Nagar,narrow bridge or culverts,9am-12pm,fine,"car/jeep/taxi,buses(4 wheeler)",2-4year,skiding,fault of driver,18-20years,upto 8th std,did not give right of way to pedestrian,>70,road under construction/repair,3 Lanes or more without central Divider Median,manned rail crossing,police controlled,learners licence,male
Sindhu Wadi,open area,3am-6am,cloudy,"car/jeep/taxi,buses(4 wheeler)",6-8year,skiding,neglect of civic bodies,65 and above,9-10std,cut in sharply after passing,50-70,incline road,4 Lanes or more with central divider,t junction,flashing signal/blinker,paid driver,male
Jagdusha Nagar,near petrol pump,3am-6am,light rain,other motor vehicles,2-4year,right turn collision,poor light,10-14years,above 10th std,alcohol intake,30-50,Surfaced Roads,4 Lanes or more with central divider,t junction,stop sign,learners licence,female
Ghatkopar Bus Depot,near a religious place,12am-3am,light rain,"car/jeep/taxi,buses(4 wheeler)",8-10year,skiding,fault of pedestrian,unknown age,9-10std,passed on hill,50-70,Wet road,two lane,t junction,stop sign,paid driver,male
Jagdusha Nagar,near petrol pump,9pm-12am,light rain,"trucks ,tempos,tracto",8-10year,right turn collision,weather condition,65 and above,9-10std,passed on curve,50-70,Wet road,two lane,t junction,stop sign,others,female
Ghatkopar Bus Depot,near office complex,12pm-3pm,light rain,"trucks ,tempos,tracto",<1,overturning,defect in condition of motor vehicle,10-14years,above 10th std,cut in sharply after passing,<30,Kutcha Roads,two lane,t junction,uncontolled,learners licence,male
Ghatkopar Bus Depot,in bazar,12am-3am,light rain,3 wheeler,2-4year,overturning,weather condition,35-44years,upto 8th std,excceding lawful speed,50-70,rutted/pot holes,3 Lanes or more without central Divider Median,unmanned rail crossing,flashing signal/blinker,owner of private vehicle,female
Jagdusha Nagar,residential area,9pm-12am,cloudy,2 wheeler,<1,rear end collision,poor light,15-17years,above 10th std,passed on hill,50-70,Kutcha Roads,two lane,manned rail crossing,flashing signal/blinker,paid driver,male
Sindhu Wadi,near bus stop,12pm-3pm,cloudy,other motor vehicles,<1,head on collision,poor light,10-14years,above 10th std,passed on hill,30-50,Kutcha Roads,single lane,junction with >4 arms,uncontolled,paid driver,male
Sindhu Wadi,near a recreation place/cinema,12pm-3pm,fine,"trucks ,tempos,tracto",1-2year,head on collision,defect in condition of motor vehicle,6-9years,not known,other improper passsing,<30,speed breaker,3 Lanes or more without central Divider Median,round about junction,stop sign,paid driver,male
Jagdusha Nagar,near a religious place,9am-12pm,fine,2 wheeler,<1,collision brush/side swip,poor light,45-54years,9-10std,followed too closely,>70,road under construction/repair,4 Lanes or more with central divider,junction with >4 arms,flashing signal/blinker,owner of private vehicle,male
Jagdusha Nagar,near office complex,6am-9am,light rain,"car/jeep/taxi,buses(4 wheeler)",>10,right turn collision,fault of pedestrian,45-54years,above 10th std,failed to give signal,30-50,muddy/oily/slippery,3 Lanes or more without central Divider Median,round about junction,uncontolled,learners licence,female
Sindhu Wadi,near hospital,12pm-3pm,cloudy,other motor vehicles,8-10year,skiding,weather condition,45-54years,9-10std,did not give right of way to pedestrian,>70,road under construction/repair,3 Lanes or more without central Divider Median,staggered jucntion,flashing signal/blinker,owner of private vehicle,female
Sindhu Wadi,near school/college,6am-9am,light rain,"trucks ,tempos,tracto",<1,right turn collision,weather condition,<5years,above 10th std,passed on hill,>70,rutted/pot holes,two lane,staggered jucntion,uncontolled,owner of public commercial vehicle,female
Jagdusha Nagar,narrow bridge or culverts,6am-9am,cloudy,3 wheeler,4-6year,head on collision,fault of driver,65 and above,above 10th std,give improper signal,>70,incline road,single lane,v junction,traffic light signal,others,female
Sindhu Wadi,near a recreation place/cinema,3pm-6pm,cloudy,other motor vehicles,2-4year,hit and run,fault of pedestrian,25-34years,upto 8th std,cut in sharply after passing,30-50,straight road,4 Lanes or more with central divider,junction with >4 arms,traffic light signal,without licence,female
Chirag Nagar,at pedestrian crossing,9pm-12am,fine,other motor vehicles,1-2year,collision brush/side swip,poor light,65 and above,9-10std,cut in sharply after passing,<30,Surfaced Roads,3 Lanes or more without central Divider Median,junction with >4 arms,uncontolled,owner of public commercial vehicle,male
Ghatkopar Bus Depot,near a factory or indu. Area,6pm-9pm,cloudy,2 wheeler,2-4year,rear end collision,defect in condition of motor vehicle,35-44years,upto 8th std,did not give right of way to vehicle,>70,Surfaced Roads,two lane,t junction,flashing signal/blinker,others,female
Jagdusha Nagar,in bazar,6pm-9pm,heavy rain,"car/jeep/taxi,buses(4 wheeler)",2-4year,head on collision,fault of pedestrian,<5years,upto 8th std,did not give right of way to vehicle,50-70,muddy/oily/slippery,two lane,junction with >4 arms,uncontolled,owner of private vehicle,male
Chirag Nagar,near school/college,6pm-9pm,heavy rain,"car/jeep/taxi,buses(4 wheeler)",2-4year,head on collision,defect in condition of motor vehicle,18-20years,upto 8th std,passed on hill,50-70,Kutcha Roads,3 Lanes or more without central Divider Median,v junction,uncontolled,regular licence,male
Chirag Nagar,near bus stop,12pm-3pm,cloudy,other motor vehicles,<1,hit and run,fault of pedestrian,21-24years,upto 8th std,give improper signal,30-50,Kutcha Roads,single lane,junction with >4 arms,flashing signal/blinker,owner of public commercial vehicle,female
Chirag Nagar,narrow bridge or culverts,12pm-3pm,fine,3 wheeler,6-8year,rear end collision,neglect of civic bodies,18-20years,upto 8th std,passed on curve,>70,straight road,single lane,round about junction,stop sign,paid driver,male
Chirag Nagar,open area,12am-3am,light rain,3 wheeler,2-4year,head on collision,defect in road condition,10-14years,9-10std,other improper passsing,>70,Kutcha Roads,two lane,manned rail crossing,uncontolled,owner of private vehicle,male
Jagdusha Nagar,narrow bridge or culverts,9am-12pm,fine,other motor vehicles,6-8year,head on collision,fault of driver,65 and above,above 10th std,did not give right of way to vehicle,>70,speed breaker,two lane,four arm junction,stop sign,owner of public commercial vehicle,female
Chirag Nagar,near bus stop,3am-6am,cloudy,"trucks ,tempos,tracto",2-4year,overturning,weather condition,25-34years,not known,alcohol intake,<30,incline road,3 Lanes or more without central Divider Median,v junction,flashing signal/blinker,owner of public commercial vehicle,female
Chirag Nagar,narrow bridge or culverts,3pm-6pm,heavy rain,"trucks ,tempos,tracto",6-8year,hit and run,neglect of civic bodies,6-9years,upto 8th std,cut in sharply after passing,>70,muddy/oily/slippery,3 Lanes or more without central Divider Median,junction with >4 arms,uncontolled,owner of private vehicle,male
Chirag Nagar,near office complex,6pm-9pm,heavy rain,"trucks ,tempos,tracto",1-2year,skiding,poor light,10-14years,not known,failed to give signal,30-50,rutted/pot holes,3 Lanes or more without central Divider Median,junction with >4 arms,police controlled,learners licence,female
Jagdusha Nagar,in bazar,9pm-12am,light rain,3 wheeler,2-4year,rear end collision,fault of pedestrian,45-54years,9-10std,excceding lawful speed,50-70,Kutcha Roads,3 Lanes or more without central Divider Median,v junction,uncontolled,learners licence,female
Sindhu Wadi,near a religious place,6am-9am,light rain,other motor vehicles,6-8year,head on collision,defect in road condition,45-54years,upto 8th std,excceding lawful speed,30-50,road under construction/repair,single lane,four arm junction,uncontolled,owner of public commercial vehicle,male
Ghatkopar Bus Depot,in bazar,3pm-6pm,heavy rain,"trucks ,tempos,tracto",1-2year,overturning,defect in condition of motor vehicle,45-54years,9-10std,give improper signal,30-50,Kutcha Roads,two lane,unmanned rail crossing,police controlled,owner of public commercial vehicle,female