area,Typeoflocation,time,Weather,typeofvehicle,ageofvehicle,natureofaccidents,causeofaccidents,accidentvictimsage,eduofdriver,accordingtoResponsibilitiesofDriver,speed,roadconditions,roadfeature,typeofjunction,typeoftrafficcontrol,OwnerofTypeofVehiclesandTypeofLicence,Gender
Ghatkopar Bus Depot,narrow bridge or culverts,6am-9am,fine,"trucks ,tempos,tracto",2-4year,head on collision,fault of pedestrian,65 and above,not known,passed on hill,<30,Surfaced Roads,3 Lanes or more without central Divider Median,unmanned rail crossing,traffic light signal,learners licence,female
Asalpha,near a factory or indu. Area,12am-3am,fine,"trucks ,tempos,tracto",>10,rear end collision,poor light,unknown age,not known,on wrong side of the road,30-50,straight road,two lane,t junction,uncontolled,without licence,female
Asalpha,near or inside a village,3am-6am,light rain,"car/jeep/taxi,buses(4 wheeler)",1-2year,skiding,defect in road condition,45-54years,above 10th std,passed on curve,30-50,muddy/oily/slippery,3 Lanes or more without central Divider Median,manned rail crossing,stop sign,owner of private vehicle,male
Pant Nagar,near school/college,6am-9am,fine,"trucks ,tempos,tracto",4-6year,skiding,defect in road condition,6-9years,not known,other improper passsing,30-50,Wet road,3 Lanes or more without central Divider Median,v junction,flashing signal/blinker,regular licence,male
Eastern Express Highway,near petrol pump,9pm-12am,cloudy,2 wheeler,8-10year,skiding,poor light,<5years,upto 8th std,passed on curve,>70,speed breaker,4 Lanes or more with central divider,unmanned rail crossing,uncontolled,others,female
Barve Nagar,near office complex,9am-12pm,heavy rain,other motor vehicles,6-8year,collision brush/side swip,fault of driver,unknown age,above 10th std,other improper passsing,<30,Wet road,3 Lanes or more without central Divider Median,junction with >4 arms,police controlled,owner of private vehicle,female
Ghatkopar-Mankhurd Link road,near school/college,12am-3am,cloudy,2 wheeler,8-10year,right turn collision,defect in road condition,21-24years,9-10std,passed on hill,50-70,speed breaker,4 Lanes or more with central divider,four arm junction,police controlled,owner of private vehicle,male
Chirag Nagar,near school/college,3am-6am,light rain,"trucks ,tempos,tracto",2-4year,right turn collision,weather condition,18-20years,9-10std,cut in sharply after passing,50-70,speed breaker,single lane,manned rail crossing,traffic light signal,regular licence,male
Chirag Nagar,narrow bridge or culverts,6pm-9pm,fine,other motor vehicles,>10,collision brush/side swip,neglect of civic bodies,21-24years,above 10th std,excceding lawful speed,<30,Wet road,single lane,manned rail crossing,police controlled,owner of public commercial vehicle,female
Barve Nagar,near or inside a village,9am-12pm,cloudy,2 wheeler,>10,collision brush/side swip,poor light,6-9years,9-10std,cut in sharply after passing,>70,muddy/oily/slippery,3 Lanes or more without central Divider Median,v junction,stop sign,learners licence,male
Chedda Nagar,near school/college,6pm-9pm,light rain,"car/jeep/taxi,buses(4 wheeler)",2-4year,overturning,defect in road condition,6-9years,upto 8th std,on wrong side of the road,<30,muddy/oily/slippery,two lane,junction with >4 arms,traffic light signal,owner of private vehicle,female
Jagdusha Nagar,near a recreation place/cinema,6am-9am,fine,2 wheeler,1-2year,collision brush/side swip,fault of driver,65 and above,not known,failed to give signal,<30,Surfaced Roads,single lane,t junction,traffic light signal,learners licence,female
LBS Road,near office complex,12pm-3pm,light rain,"trucks ,tempos,tracto",6-8year,right turn collision,fault of driver,25-34years,above 10th std,cut in sharply after passing,30-50,speed breaker,two lane,v junction,police controlled,without licence,male
Ghatkopar Bus Depot,near a factory or indu. Area,9am-12pm,heavy rain,"trucks ,tempos,tracto",6-8year,hit and run,weather condition,45-54years,9-10std,passed on curve,<30,rutted/pot holes,4 Lanes or more with central divider,round about junction,flashing signal/blinker,others,female
Chedda Nagar,near office complex,9pm-12am,light rain,2 wheeler,2-4year,hit and run,weather condition,18-20years,upto 8th std,passed on hill,<30,Surfaced Roads,two lane,junction with >4 arms,police controlled,learners licence,male
Barve Nagar,near school/college,3pm-6pm,cloudy,"car/jeep/taxi,buses(4 wheeler)",<1,head on collision,defect in road condition,<5years,upto 8th std,other improper passsing,>70,speed breaker,4 Lanes or more with central divider,unmanned rail crossing,police controlled,learners licence,female
Eastern Express Highway,near a factory or indu. Area,9am-12pm,fine,"car/jeep/taxi,buses(4 wheeler)",<1,rear end collision,weather condition,35-44years,9-10std,other improper passsing,30-50,incline road,4 Lanes or more with central divider,v junction,uncontolled,owner of public commercial vehicle,female
Pant Nagar,near petrol pump,3am-6am,heavy rain,"car/jeep/taxi,buses(4 wheeler)",4-6year,skiding,defect in road condition,25-34years,9-10std,alcohol intake,30-50,incline road,single lane,unmanned rail crossing,uncontolled,learners licence,female
Jagdusha Nagar,near bus stop,6pm-9pm,fine,other motor vehicles,2-4year,collision brush/side swip,neglect of civic bodies,15-17years,9-10std,did not give right of way to pedestrian,50-70,straight road,two lane,t junction,uncontolled,without licence,male
Barve Nagar,near or inside a village,6am-9am,light rain,2 wheeler,<1,collision brush/side swip,fault of driver,55-64years,upto 8th std,give improper signal,50-70,Kutcha Roads,two lane,unmanned rail crossing,traffic light signal,owner of public commercial vehicle,male
Kajupada,open area,12am-3am,cloudy,"car/jeep/taxi,buses(4 wheeler)",6-8year,right turn collision,poor light,<5years,not known,give improper signal,30-50,rutted/pot holes,4 Lanes or more with central divider,unmanned rail crossing,police controlled,others,male
Ghatkopar Bus Depot,near bus stop,9am-12pm,fine,3 wheeler,>10,head on collision,poor light,unknown age,above 10th std,other improper passsing,>70,incline road,two lane,four arm junction,police controlled,others,male
Pant Nagar,near hospital,6pm-9pm,light rain,"car/jeep/taxi,buses(4 wheeler)",2-4year,collision brush/side swip,neglect of civic bodies,<5years,upto 8th std,passed on hill,30-50,Wet road,3 Lanes or more without central Divider Median,unmanned rail crossing,uncontolled,owner of private vehicle,female
Asalpha,residential area,6pm-9pm,cloudy,"trucks ,tempos,tracto",8-10year,overturning,weather condition,6-9years,9-10std,passed on curve,50-70,road under construction/repair,single lane,manned rail crossing,traffic light signal,learners licence,female
LBS Road,near office complex,9pm-12am,light rain,2 wheeler,1-2year,overturning,fault of pedestrian,35-44years,above 10th std,give improper signal,<30,incline road,two lane,unmanned rail crossing,flashing signal/blinker,paid driver,male
Eastern Express Highway,near a recreation place/cinema,9am-12pm,fine,"car/jeep/taxi,buses(4 wheeler)",8-10year,head on collision,fault of driver,18-20years,9-10std,did not give right of way to pedestrian,50-70,Wet road,3 Lanes or more without central Divider Median,manned rail crossing,police controlled,without licence,female
Sindhu Wadi,near hospital,6pm-9pm,light rain,2 wheeler,<1,rear end collision,neglect of civic bodies,65 and above,not known,failed to give signal,<30,Kutcha Roads,3 Lanes or more without central Divider Median,staggered jucntion,traffic light signal,owner of public commercial vehicle,male
Eastern Express Highway,residential area,3am-6am,cloudy,other motor vehicles,<1,overturning,poor light,<5years,not known,alcohol intake,30-50,Surfaced Roads,4 Lanes or more with central divider,staggered jucntion,uncontolled,paid driver,female
Asalpha,at pedestrian crossing,6pm-9pm,cloudy,3 wheeler,>10,collision brush/side swip,neglect of civic bodies,10-14years,above 10th std,passed on hill,30-50,straight road,3 Lanes or more without central Divider Median,round about junction,uncontolled,regular licence,male
Jagdusha Nagar,near school/college,3am-6am,cloudy,3 wheeler,2-4year,skiding,poor light,10-14years,9-10std,alcohol intake,<30,speed breaker,two lane,junction with >4 arms,flashing signal/blinker,learners licence,male
Ghatkopar-Mankhurd Link road,near a recreation place/cinema,12pm-3pm,heavy rain,"car/jeep/taxi,buses(4 wheeler)",<1,head on collision,defect in condition of motor vehicle,unknown age,upto 8th std,passed on curve,<30,incline road,3 Lanes or more without central Divider Median,four arm junction,traffic light signal,regular licence,male
Sindhu Wadi,in bazar,12pm-3pm,fine,"car/jeep/taxi,buses(4 wheeler)",<1,right turn collision,fault of pedestrian,10-14years,upto 8th std,cut in sharply after passing,30-50,Surfaced Roads,two lane,four arm junction,flashing signal/blinker,others,male
Barve Nagar,near office complex,6pm-9pm,cloudy,"car/jeep/taxi,buses(4 wheeler)",>10,hit and run,poor light,25-34years,not known,did not give right of way to pedestrian,<30,straight road,two lane,staggered jucntion,stop sign,learners licence,male
Chedda Nagar,near hospital,12pm-3pm,cloudy,other motor vehicles,2-4year,skiding,fault of pedestrian,unknown age,9-10std,on wrong side of the road,<30,Wet road,4 Lanes or more with central divider,manned rail crossing,flashing signal/blinker,owner of private vehicle,male
Ghatkopar Bus Depot,at pedestrian crossing,6am-9am,light rain,other motor vehicles,4-6year,collision brush/side swip,neglect of civic bodies,15-17years,upto 8th std,failed to give signal,50-70,road under construction/repair,single lane,staggered jucntion,traffic light signal,owner of public commercial vehicle,female
Pant Nagar,in bazar,3pm-6pm,cloudy,3 wheeler,8-10year,skiding,weather condition,15-17years,upto 8th std,give improper signal,50-70,incline road,4 Lanes or more with central divider,manned rail crossing,uncontolled,owner of private vehicle,male
Pant Nagar,at pedestrian crossing,6pm-9pm,cloudy,"car/jeep/taxi,buses(4 wheeler)",2-4year,collision brush/side swip,neglect of civic bodies,unknown age,9-10std,alcohol intake,30-50,Surfaced Roads,single lane,four arm junction,police controlled,owner of public commercial vehicle,male
Ghatkopar-Mankhurd Link road,near school/college,3pm-6pm,cloudy,"trucks ,tempos,tracto",1-2year,skiding,weather condition,unknown age,not known,give improper signal,50-70,muddy/oily/slippery,4 Lanes or more with central divider,v junction,flashing signal/blinker,learners licence,female
Asalpha,near office complex,3am-6am,cloudy,2 wheeler,>10,right turn collision,fault of driver,65 and above,above 10th std,give improper signal,<30,incline road,two lane,staggered jucntion,stop sign,paid driver,female
Ghatkopar-Mankhurd Link road,in bazar,9am-12pm,light rain,3 wheeler,2-4year,rear end collision,defect in condition of motor vehicle,55-64years,9-10std,cut in sharply after passing,>70,road under construction/repair,3 Lanes or more without central Divider Median,junction with >4 arms,stop sign,without licence,male
Sindhu Wadi,near bus stop,3pm-6pm,fine,3 wheeler,1-2year,rear end collision,fault of driver,25-34years,upto 8th std,passed on hill,50-70,Kutcha Roads,two lane,four arm junction,traffic light signal,others,female
Chedda Nagar,near or inside a village,3am-6am,heavy rain,"trucks ,tempos,tracto",>10,overturning,defect in condition of motor vehicle,6-9years,upto 8th std,passed on hill,30-50,Wet road,3 Lanes or more without central Divider Median,junction with >4 arms,flashing signal/blinker,owner of private vehicle,male
Jagdusha Nagar,near hospital,9pm-12am,cloudy,other motor vehicles,1-2year,head on collision,defect in road condition,65 and above,above 10th std,did not give right of way to vehicle,50-70,straight road,3 Lanes or more without central Divider Median,t junction,flashing signal/blinker,learners licence,male
Sindhu Wadi,near or inside a village,12pm-3pm,heavy rain,other motor vehicles,<1,collision brush/side swip,fault of driver,unknown age,9-10std,failed to give signal,<30,incline road,4 Lanes or more with central divider,four arm junction,uncontolled,owner of private vehicle,male
Eastern Express Highway,residential area,3pm-6pm,cloudy,2 wheeler,<1,hit and run,defect in road condition,55-64years,above 10th std,on wrong side of the road,<30,road under construction/repair,two lane,manned rail crossing,police controlled,owner of public commercial vehicle,female
Asalpha,open area,12am-3am,cloudy,2 wheeler,<1,hit and run,defect in road condition,25-34years,above 10th std,passed on curve,<30,Surfaced Roads,4 Lanes or more with central divider,manned rail crossing,flashing signal/blinker,without licence,female
Pant Nagar,near a factory or indu. Area,6am-9am,light rain,3 wheeler,6-8year,overturning,fault of pedestrian,35-44years,upto 8th std,passed on curve,<30,straight road,two lane,four arm junction,traffic light signal,paid driver,female
Kajupada,at pedestrian crossing,6pm-9pm,cloudy,2 wheeler,1-2year,collision brush/side swip,neglect of civic bodies,55-64years,9-10std,followed too closely,<30,Kutcha Roads,two lane,v junction,stop sign,regular licence,female
Kajupada,near office complex,6am-9am,fine,3 wheeler,<1,rear end collision,poor light,15-17years,upto 8th std,give improper signal,30-50,road under construction/repair,two lane,v junction,stop sign,regular licence,female
Kajupada,in bazar,3pm-6pm,light rain,"car/jeep/taxi,buses(4 wheeler)",4-6year,collision brush/side swip,defect in condition of motor vehicle,15-17years,upto 8th std,failed to give signal,50-70,incline road,single lane,round about junction,police controlled,others,female
Kajupada,near office complex,3am-6am,light rain,2 wheeler,6-8year,hit and run,neglect of civic bodies,35-44years,above 10th std,followed too closely,30-50,road under construction/repair,two lane,t junction,traffic light signal,without licence,male
Chedda Nagar,near a recreation place/cinema,12am-3am,light rain,other motor vehicles,8-10year,collision brush/side swip,neglect of civic bodies,45-54years,upto 8th std,excceding lawful speed,50-70,Kutcha Roads,single lane,t junction,police controlled,owner of public commercial vehicle,male
LBS Road,near a factory or indu. Area,12am-3am,fine,"car/jeep/taxi,buses(4 wheeler)",2-4year,hit and run,weather condition,18-20years,above 10th std,did not give right of way to vehicle,>70,speed breaker,two lane,unmanned rail crossing,traffic light signal,paid driver,male
LBS Road,near hospital,12am-3am,light rain,3 wheeler,1-2year,collision brush/side swip,defect in road condition,6-9years,not known,other improper passsing,30-50,Kutcha Roads,two lane,unmanned rail crossing,traffic light signal,owner of private vehicle,female
Eastern Express Highway,near bus stop,3pm-6pm,light rain,other motor vehicles,8-10year,skiding,fault of pedestrian,65 and above,not known,give improper signal,30-50,muddy/oily/slippery,3 Lanes or more without central Divider Median,v junction,traffic light signal,regular licence,male
LBS Road,in bazar,6pm-9pm,fine,"trucks ,tempos,tracto",>10,right turn collision,fault of driver,unknown age,not known,excceding lawful speed,<30,straight road,3 Lanes or more without central Divider Median,staggered jucntion,traffic light signal,owner of public commercial vehicle,female
Jagdusha Nagar,near petrol pump,3pm-6pm,fine,other motor vehicles,<1,collision brush/side swip,poor light,45-54years,above 10th std,passed on hill,30-50,rutted/pot holes,4 Lanes or more with central divider,junction with >4 arms,uncontolled,paid driver,male
Chedda Nagar,near or inside a village,12pm-3pm,light rain,2 wheeler,<1,rear end collision,fault of driver,18-20years,above 10th std,passed on curve,<30,Kutcha Roads,two lane,t junction,uncontolled,regular licence,male
Ghatkopar Bus Depot,in bazar,12am-3am,cloudy,"car/jeep/taxi,buses(4 wheeler)",>10,head on collision,defect in condition of motor vehicle,15-17years,above 10th std,other improper passsing,50-70,straight road,single lane,round about junction,traffic light signal,others,female
LBS Road,narrow bridge or culverts,6am-9am,fine,"trucks ,tempos,tracto",6-8year,right turn collision,defect in road condition,10-14years,upto 8th std,did not give right of way to pedestrian,30-50,Kutcha Roads,single lane,four arm junction,flashing signal/blinker,others,female
LBS Road,open area,12pm-3pm,heavy rain,other motor vehicles,2-4year,head on collision,neglect of civic bodies,55-64years,above 10th std,cut in sharply after passing,<30,incline road,single lane,junction with >4 arms,traffic light signal,learners licence,male
Chedda Nagar,at pedestrian crossing,3pm-6pm,light rain,"car/jeep/taxi,buses(4 wheeler)",8-10year,collision brush/side swip,fault of driver,35-44years,above 10th std,other improper passsing,30-50,straight road,single lane,manned rail crossing,traffic light signal,regular licence,female
Jagdusha Nagar,narrow bridge or culverts,3am-6am,heavy rain,other motor vehicles,6-8year,right turn collision,fault of pedestrian,<5years,9-10std,passed on hill,50-70,speed breaker,4 Lanes or more with central divider,manned rail crossing,police controlled,owner of private vehicle,male
Barve Nagar,near a religious place,6pm-9pm,fine,2 wheeler,6-8year,hit and run,defect in condition of motor vehicle,65 and above,above 10th std,did not give right of way to pedestrian,30-50,rutted/pot holes,single lane,staggered jucntion,stop sign,regular licence,female
Chedda Nagar,near hospital,12am-3am,light rain,2 wheeler,2-4year,head on collision,neglect of civic bodies,<5years,upto 8th std,passed on curve,50-70,Surfaced Roads,3 Lanes or more without central Divider Median,v junction,police controlled,owner of private vehicle,male
Chedda Nagar,near or inside a village,6pm-9pm,cloudy,2 wheeler,4-6year,head on collision,fault of driver,6-9years,not known,passed on curve,>70,Kutcha Roads,3 Lanes or more without central Divider Median,round about junction,traffic light signal,owner of private vehicle,female
Sindhu Wadi,near a religious place,12pm-3pm,cloudy,other motor vehicles,>10,right turn collision,weather condition,25-34years,above 10th std,passed on hill,>70,Surfaced Roads,3 Lanes or more without central Divider Median,unmanned rail crossing,flashing signal/blinker,without licence,female
Ghatkopar Bus Depot,at pedestrian crossing,9pm-12am,heavy rain,other motor vehicles,6-8year,hit and run,fault of driver,55-64years,9-10std,excceding lawful speed,>70,Surfaced Roads,4 Lanes or more with central divider,unmanned rail crossing,traffic light signal,learners licence,male
Barve Nagar,open area,3pm-6pm,heavy rain,3 wheeler,6-8year,head on collision,fault of pedestrian,21-24years,9-10std,did not give right of way to vehicle,30-50,rutted/pot holes,3 Lanes or more without central Divider Median,staggered jucntion,traffic light signal,owner of public commercial vehicle,male
Eastern Express Highway,residential area,3am-6am,light rain,2 wheeler,<1,hit and run,weather condition,10-14years,9-10std,cut in sharply after passing,30-50,straight road,two lane,v junction,stop sign,paid driver,female
LBS Road,near office complex,12am-3am,cloudy,"car/jeep/taxi,buses(4 wheeler)",<1,right turn collision,poor light,45-54years,not known,excceding lawful speed,50-70,Kutcha Roads,4 Lanes or more with central divider,staggered jucntion,uncontolled,regular licence,female
LBS Road,open area,6am-9am,heavy rain,3 wheeler,4-6year,head on collision,poor light,35-44years,not known,on wrong side of the road,50-70,Wet road,3 Lanes or more without central Divider Median,t junction,uncontolled,paid driver,male
Eastern Express Highway,near bus stop,9pm-12am,heavy rain,other motor vehicles,2-4year,right turn collision,defect in condition of motor vehicle,55-64years,9-10std,alcohol intake,30-50,incline road,two lane,staggered jucntion,stop sign,paid driver,female
Chirag Nagar,near petrol pump,3pm-6pm,heavy rain,other motor vehicles,4-6year,right turn collision,fault of pedestrian,65 and above,upto 8th std,did not give right of way to pedestrian,>70,speed breaker,3 Lanes or more without central Divider Median,staggered jucntion,flashing signal/blinker,owner of private vehicle,female
Kajupada,near office complex,9pm-12am,heavy rain,3 wheeler,4-6year,hit and run,fault of pedestrian,18-20years,9-10std,cut in sharply after passing,>70,rutted/pot holes,single lane,t junction,flashing signal/blinker,others,female
Barve Nagar,at pedestrian crossing,12am-3am,light rain,3 wheeler,6-8year,rear end collision,defect in condition of motor vehicle,<5years,upto 8th std,alcohol intake,30-50,straight road,two lane,unmanned rail crossing,traffic light signal,without licence,female
Barve Nagar,open area,3am-6am,cloudy,2 wheeler,<1,head on collision,fault of driver,10-14years,9-10std,passed on curve,50-70,incline road,two lane,junction with >4 arms,stop sign,paid driver,female
Ghatkopar-Mankhurd Link road,at pedestrian crossing,6pm-9pm,cloudy,2 wheeler,1-2year,head on collision,defect in road condition,unknown age,9-10std,did not give right of way to vehicle,<30,Kutcha Roads,single lane,manned rail crossing,stop sign,regular licence,male
Eastern Express Highway,near hospital,9pm-12am,heavy rain,2 wheeler,>10,hit and run,fault of pedestrian,21-24years,not known,did not give right of way to pedestrian,>70,muddy/oily/slippery,two lane,four arm junction,stop sign,owner of public commercial vehicle,female
Jagdusha Nagar,near bus stop,3pm-6pm,light rain,other motor vehicles,2-4year,overturning,defect in condition of motor vehicle,25-34years,upto 8th std,did not give right of way to vehicle,>70,rutted/pot holes,4 Lanes or more with central divider,unmanned rail crossing,flashing signal/blinker,owner of public commercial vehicle,female
Ghatkopar-Mankhurd Link road,near a recreation place/cinema,3am-6am,cloudy,2 wheeler,6-8year,rear end collision,defect in condition of motor vehicle,25-34years,9-10std,alcohol intake,50-70,Kutcha Roads,3 Lanes or more without central Divider Median,junction with >4 arms,flashing signal/blinker,without licence,female
Eastern Express Highway,narrow bridge or culverts,3am-6am,light rain,"car/jeep/taxi,buses(4 wheeler)",1-2year,collision brush/side swip,weather condition,35-44years,upto 8th std,passed on hill,<30,straight road,two lane,junction with >4 arms,stop sign,others,female
Ghatkopar Bus Depot,in bazar,12pm-3pm,fine,"trucks ,tempos,tracto",<1,overturning,fault of pedestrian,6-9years,upto 8th std,passed on hill,>70,rutted/pot holes,two lane,four arm junction,flashing signal/blinker,owner of private vehicle,male
Chirag Nagar,near bus stop,9pm-12am,light rain,other motor vehicles,<1,right turn collision,fault of pedestrian,65 and above,above 10th std,did not give right of way to pedestrian,30-50,Kutcha Roads,3 Lanes or more without central Divider Median,four arm junction,stop sign,learners licence,female
Pant Nagar,narrow bridge or culverts,12am-3am,fine,"car/jeep/taxi,buses(4 wheeler)",6-8year,collision brush/side swip,poor light,<5years,9-10std,did not give right of way to pedestrian,30-50,straight road,single lane,unmanned rail crossing,stop sign,without licence,male
Chirag Nagar,near a recreation place/cinema,12pm-3pm,fine,3 wheeler,>10,overturning,fault of driver,<5years,not known,passed on hill,<30,rutted/pot holes,3 Lanes or more without central Divider Median,round about junction,traffic light signal,owner of private vehicle,male
Kajupada,narrow bridge or culverts,9am-12pm,fine,other motor vehicles,2-4year,collision brush/side swip,defect in road condition,25-34years,9-10std,other improper passsing,30-50,speed breaker,single lane,staggered jucntion,uncontolled,owner of private vehicle,male
Chirag Nagar,near a religious place,6pm-9pm,fine,"car/jeep/taxi,buses(4 wheeler)",2-4year,hit and run,fault of driver,55-64years,above 10th std,passed on hill,>70,muddy/oily/slippery,4 Lanes or more with central divider,v junction,stop sign,owner of public commercial vehicle,female
LBS Road,at pedestrian crossing,9am-12pm,heavy rain,other motor vehicles,4-6year,skiding,weather condition,15-17years,above 10th std,passed on curve,>70,straight road,4 Lanes or more with central divider,unmanned rail crossing,police controlled,others,male
Pant Nagar,residential area,12pm-3pm,light rain,2 wheeler,>10,hit and run,fault of driver,6-9years,above 10th std,passed on hill,30-50,Surfaced Roads,two lane,t junction,uncontolled,regular licence,male
Ghatkopar Bus Depot,near a religious place,9am-12pm,fine,3 wheeler,8-10year,skiding,neglect of civic bodies,21-24years,upto 8th std,give improper signal,30-50,Wet road,3 Lanes or more without central Divider Median,junction with >4 arms,uncontolled,owner of private vehicle,female
Barve Nagar,residential area,3pm-6pm,heavy rain,2 wheeler,<1,right turn collision,fault of pedestrian,65 and above,not known,alcohol intake,30-50,straight road,single lane,v junction,flashing signal/blinker,learners licence,male
Ghatkopar Bus Depot,near a religious place,3pm-6pm,heavy rain,"car/jeep/taxi,buses(4 wheeler)",1-2year,head on collision,fault of pedestrian,6-9years,upto 8th std,failed to give signal,<30,road under construction/repair,3 Lanes or more without central Divider Median,staggered jucntion,uncontolled,without licence,male
Chirag Nagar,in bazar,6pm-9pm,heavy rain,other motor vehicles,2-4year,hit and run,fault of driver,6-9years,above 10th std,did not give right of way to vehicle,>70,incline road,two lane,v junction,flashing signal/blinker,learners licence,male
Kajupada,near school/college,9am-12pm,heavy rain,"trucks ,tempos,tracto",<1,overturning,defect in condition of motor vehicle,21-24years,upto 8th std,give improper signal,50-70,incline road,two lane,staggered jucntion,stop sign,owner of public commercial vehicle,female
Barve Nagar,at pedestrian crossing,9am-12pm,heavy rain,"trucks ,tempos,tracto",4-6year,skiding,poor light,45-54years,9-10std,on wrong side of the road,<30,incline road,3 Lanes or more without central Divider Median,four arm junction,traffic light signal,paid driver,male
LBS Road,near hospital,3am-6am,fine,other motor vehicles,8-10year,right turn collision,neglect of civic bodies,25-34years,above 10th std,failed to give signal,50-70,rutted/pot holes,3 Lanes or more without central Divider Median,four arm junction,traffic light signal,learners licence,male
Chirag Nagar,narrow bridge or culverts,3am-6am,light rain,2 wheeler,6-8year,head on collision,poor light,21-24years,upto 8th std,passed on hill,30-50,Kutcha Roads,two lane,v junction,stop sign,regular licence,female
Sindhu Wadi,narrow bridge or culverts,12am-3am,fine,2 wheeler,8-10year,head on collision,defect in road condition,15-17years,upto 8th std,followed too closely,30-50,Surfaced Roads,3 Lanes or more without central Divider Median,unmanned rail crossing,traffic light signal,paid driver,male
Jagdusha Nagar,residential area,9pm-12am,fine,"car/jeep/taxi,buses(4 wheeler)",2-4year,overturning,defect in condition of motor vehicle,65 and above,above 10th std,excceding lawful speed,>70,speed breaker,3 Lanes or more without central Divider Median,round about junction,traffic light signal,without licence,male